Row Label,Count of Reason,Rejection Reason,,,
DS012167,1,No FIM Video,,,
DS012146,1,No FIM Video,,,
DS012386,3,No FIM Video,,,
FX1263,1,No FIM Video,,,
FX1264,8,No FIM Video,,,
FX1303,725,No FIM Video,,,
FX1305,703,No FIM Video,,,
DS011698,2,No FIM Video,,,
DS011709,5,No FIM Video,,,
DS011714,1,No FIM Video,,,
DS011724,9,No FIM Video,,,
DS011727,1,No FIM Video,,,
DS011728,39,No FIM Video,,,
DS011730,1,No FIM Video,,,
DS011737,1,No FIM Video,,,
DS011750,21,No FIM Video,,,
DS011756,4,No FIM Video,,,
DS011774,3,No FIM Video,,,has three
DS012140,2,No FIM Video,,,
DS012147,6,No FIM Video,,,
DS012152,7,No FIM Video,,,
DS012157,3,No FIM Video,,,
DS012159,2,No FIM Video,,,
FX1266,25,No FIM Video,,,
FX1267,117,No FIM Video,,,
FX1268,108,No FIM Video,,,
FX1270,16,No FIM Video,,,
FX1271,9,No FIM Video,,,
DS009932,3,No FIM Video,,,
DS011738,7,No FIM Video,,,
DS011740,8,No FIM Video,,,
DS011746,9,No FIM Video,,,
DS011752,5,No FIM Video,,,
DS007265,6,No FIM Video,,,
FX1052,1,No FIM Video,,,
FX1061,21,No FIM Video,,,
FX1068,1,No FIM Video,,,
FX1109,6,No FIM Video,,,
FX1124,2,No FIM Video,,,
FX1131,1,No FIM Video,,,
FX1132,57,No FIM Video,,,
FX1135,1,No FIM Video,,,
FX1140,6,No FIM Video,,,
FX1141,1,No FIM Video,,,
FX1239,1,No FIM Video,,,
FX1240,12,No FIM Video,,,
FX1279,4,No FIM Video,,,
FX1307,6,No FIM Video,,,
FX1361,2,No FIM Video,,,
FX1174,6,No FIM Video,,,
FX1175,4,No FIM Video,,,
FX1177,11,No FIM Video,,,
FX1302,8,No FIM Video,,,
FX1304,22,No FIM Video,,,
DS010513,204,No FIM Video,,,
DS011708,129,No FIM Video,,,
DS012403,5,No FIM Video,,,
DS010061,1,No FIM Video,,,
DS010070,3,No FIM Video,,,
DS011726,7,No FIM Video,,,
DS012148,5,No FIM Video,,,
DS012153,1,No FIM Video,,,
DS012158,2,No FIM Video,,,
DS012164,1,No FIM Video,,,
DS012405,3,No FIM Video,,,
DS011100,1,No FIM Video,,,
DS011108,1,No FIM Video,,,
DS011110,4,No FIM Video,,,
FX1220,69,No FIM Video,,,
FX1251,7,No FIM Video,,,
FX1200,3,No FIM Video,,,
FX1201,3,No FIM Video,,,
FX1280,4,No FIM Video,,,
FX1284,7,No FIM Video,,,
FX1314,21,No FIM Video,,,
FX1315,11,No FIM Video,,,
FX1316,15,No FIM Video,,,
FX1317,6,No FIM Video,,,
FX1389,9,No FIM Video,,,
FX1390,14,No FIM Video,,,
FX1210,11,No FIM Video,,,
FX1211,2,No FIM Video,,,
FX1215,57,No FIM Video,,,
FX1216,8,No FIM Video,,,
DS012172,1,No FIM Video,,,
FX1084,1,No FIM Video,,,
DS009912,12,No FIM Video,,,
DS010975,2,No FIM Video,,,
DS011745,1,No FIM Video,,,
FX1391,7,No FIM Video,,,
FX1392,17,No FIM Video,,,
FX1394,27,No FIM Video,,,
FX1395,13,No FIM Video,,,
FX1396,39,No FIM Video,,,
FX1397,1,No FIM Video,,,
FX1189,7,No FIM Video,,,
FX1298,9,No FIM Video,,,
DS010510,1,No FIM Video,,,
DS010526,3,No FIM Video,,,
DS010981,1,No FIM Video,,,
DS010985,1,No FIM Video,,,
FX1260,1,No FIM Video,,,
FX1297,25,No FIM Video,,,
FX1306,20,No FIM Video,,,
FX1309,2,No FIM Video,,,
FX1310,5,No FIM Video,,,
DS011103,1,Poor Lighting,,,
DS011113,2,Poor Lighting,,,
DS011117,4,Poor Lighting,,,
DS011123,2,Poor Lighting,,,
DS011128,15,Poor Lighting,,,
DS011132,10,Poor Lighting,,,
DS011220,1,Poor Lighting,,,
DS007159,1,Poor Lighting,,,
DS007174,2,Poor Lighting,,,
DS007176,17,Poor Lighting,,,
DS007178,7,Poor Lighting,,,
DS007196,2,Poor Lighting,,,
DS007198,2,Poor Lighting,,,
DS007267,5,Poor Lighting,,,
FX1328,1,Poor Lighting,,,
DS010996,1,Poor Lighting,,,
DS012167,1,Poor Lighting,,,
DS011115,2,Poor Lighting,,,
DS011696,1,Poor Lighting,,,
DS011000,2,Poor Lighting,,,
DS011007,1,Poor Lighting,,,
DS011257,8,Poor Lighting,,,
DS008523,1,Poor Lighting,,,
DS007203,17,Poor Lighting,,,
DS009925,16,Poor Lighting,,,
DS007158,2,Poor Lighting,,,
DS007199,1,Poor Lighting,,,
DS007213,3,Poor Lighting,,,
DS007264,2,Poor Lighting,,,
DS007271,1,Poor Lighting,,,
DS009149,1,Poor Lighting,,,
DS009157,2,Poor Lighting,,,
DS009163,1,Poor Lighting,,,
DS009164,5,Poor Lighting,,,
DS009167,6,Poor Lighting,,,
DS009734,6,Poor Lighting,,,
DS010101,3,Poor Lighting,,,
DS011238,4,Poor Lighting,,,
FX1305,1,Poor Lighting,,,
DS011764,1,Poor Lighting,,,
DS011765,4,Poor Lighting,,,
DS012136,3,Poor Lighting,,,
DS012156,1,Poor Lighting,,,
DS012161,3,Poor Lighting,,,
DS012174,1,Poor Lighting,,,
DS011224,1,Poor Lighting,,,
DS011232,2,Poor Lighting,,,
DS011245,1,Poor Lighting,,,
DS011254,1,Poor Lighting,,,
DS011614,1,Poor Lighting,,,
DS011622,1,Poor Lighting,,,
DS011631,1,Poor Lighting,,,
DS011641,9,Poor Lighting,,,
DS007148,1,Poor Lighting,,,
DS007151,5,Poor Lighting,,,
DS007210,2,Poor Lighting,,,
DS007212,2,Poor Lighting,,,
DS007270,12,Poor Lighting,,,
DS010079,1,Poor Lighting,,,
DS012162,8,Poor Lighting,,,
DS009920,7,Poor Lighting,,,
DS011258,3,Poor Lighting,,,
DS011773,1,Poor Lighting,,,
DS008511,1,Poor Lighting,,,
DS011716,3,Poor Lighting,,,
DS011727,1,Poor Lighting,,,
DS011737,3,Poor Lighting,,,
DS012147,1,Poor Lighting,,,
FX1267,1,Poor Lighting,,,
FX1268,25,Poor Lighting,,,
FX1270,2,Poor Lighting,,,
DS011723,5,Poor Lighting,,,
DS011747,3,Poor Lighting,,,
FX1052,1,Poor Lighting,,,
FX1068,2,Poor Lighting,,,
FX1070,2,Poor Lighting,,,
FX1099,1,Poor Lighting,,,
FX1100,2,Poor Lighting,,,
FX1101,1,Poor Lighting,,,
FX1103,1,Poor Lighting,,,
FX1108,8,Poor Lighting,,,
FX1133,2,Poor Lighting,,,
FX1135,1,Poor Lighting,,,
FX1212,3,Poor Lighting,,,
FX1249,1,Poor Lighting,,,
FX1047,3,Poor Lighting,,,
DS011731,1,Poor Lighting,,,
FX1307,4,Poor Lighting,,,
FX1361,10,Poor Lighting,,,
DS007154,1,Poor Lighting,,,
DS007161,2,Poor Lighting,,,
DS011633,15,Poor Lighting,,,
DS012374,7,Poor Lighting,,,
DS012399,19,Poor Lighting,,,
FX1041,1,Poor Lighting,,,
DS010513,1,Poor Lighting,,,
DS011708,1,Poor Lighting,,,
DS012389,1,Poor Lighting,,,
DS010061,1,Poor Lighting,,,
DS008507,4,Poor Lighting,,,
DS008836,2,Poor Lighting,,,
DS011226,1,Poor Lighting,,,
DS011613,3,Poor Lighting,,,
DS011621,7,Poor Lighting,,,
DS011246,1,Poor Lighting,,,
FX1220,361,Poor Lighting,,,
FX1251,35,Poor Lighting,,,
DS010075,12,Poor Lighting,,,
DS010082,2,Poor Lighting,,,
DS010970,1,Poor Lighting,,,
DS011223,3,Poor Lighting,,,
FX1213,2,Poor Lighting,,,
DS009140,2,Poor Lighting,,,
DS008519,3,Poor Lighting,,,
DS009150,1,Poor Lighting,,,
DS009161,1,Poor Lighting,,,
DS009705,10,Poor Lighting,,,
DS009711,3,Poor Lighting,,,
DS009715,3,Poor Lighting,,,
DS009721,1,Poor Lighting,,,
DS009724,1,Poor Lighting,,,
DS009726,1,Poor Lighting,,,
DS009729,11,Poor Lighting,,,
DS009742,6,Poor Lighting,,,
DS010984,3,Poor Lighting,,,
DS011142,2,Poor Lighting,,,
DS011615,12,Poor Lighting,,,
DS011640,1,Poor Lighting,,,
DS011713,1,Poor Lighting,,,
DS011719,18,Poor Lighting,,,
DS011743,2,Poor Lighting,,,
DS012142,1,Poor Lighting,,,
DS012150,3,Poor Lighting,,,
DS012370,3,Poor Lighting,,,
DS007262,2,Poor Lighting,,,
DS009712,1,Poor Lighting,,,
DS009735,4,Poor Lighting,,,
DS009738,1,Poor Lighting,,,
DS009741,4,Poor Lighting,,,
DS009743,1,Poor Lighting,,,
DS009744,8,Poor Lighting,,,
DS009748,2,Poor Lighting,,,
DS009749,2,Poor Lighting,,,
DS009753,3,Poor Lighting,,,
DS009912,8,Poor Lighting,,,
DS009915,2,Poor Lighting,,,
DS009930,2,Poor Lighting,,,
DS010058,1,Poor Lighting,,,
DS010062,1,Poor Lighting,,,
DS010064,3,Poor Lighting,,,
DS010068,1,Poor Lighting,,,
DS010071,3,Poor Lighting,,,
DS010086,2,Poor Lighting,,,
DS010099,2,Poor Lighting,,,
DS010512,1,Poor Lighting,,,
DS010536,1,Poor Lighting,,,
DS010555,2,Poor Lighting,,,
DS010980,1,Poor Lighting,,,
DS010999,2,Poor Lighting,,,
DS011012,2,Poor Lighting,,,
DS011018,1,Poor Lighting,,,
DS011118,1,Poor Lighting,,,
DS011125,2,Poor Lighting,,,
DS011135,2,Poor Lighting,,,
DS011140,1,Poor Lighting,,,
DS011627,2,Poor Lighting,,,
DS011639,2,Poor Lighting,,,
DS011642,2,Poor Lighting,,,
DS012380,5,Poor Lighting,,,
DS010987,1,Poor Lighting,,,
DS011256,1,Poor Lighting,,,
FX1219,22,Poor Lighting,,,
DS011104,1,Poor Lighting,,,
DS011106,3,Poor Lighting,,,
DS011618,5,Poor Lighting,,,
DS011707,1,Poor Lighting,,,
DS011721,1,Poor Lighting,,,
FX1007,1,Poor Lighting,,,
FX1015,3,Poor Lighting,,,
FX1018,1,Poor Lighting,,,
FX1026,1,Poor Lighting,,,
FX1030,1,Poor Lighting,,,
DS009704,1,Poor Lighting,,,
DS009714,1,Poor Lighting,,,
DS009717,2,Poor Lighting,,,
DS008504,4,Poor Lighting,,,
DS008508,1,Poor Lighting,,,
DS008522,5,Poor Lighting,,,
FX1164,4,Poor Lighting,,,
FX1187,7,Poor Lighting,,,
FX1189,4,Poor Lighting,,,
DS007145,1,Poor Lighting,,,
DS008517,5,Poor Lighting,,,
DS010103,1,Poor Lighting,,,
DS010511,1,Poor Lighting,,,
DS012388,3,Poor Lighting,,,
DS011244,1,Poor Lighting,,,
FX1162,1,Poor Lighting,,,
DS009919,2,Poor Lighting,,,
DS009931,4,Poor Lighting,,,
FX1172,5,Poor Lighting,,,
FX1173,1,Poor Lighting,,,
DS009143,2,Poor Lighting,,,
DS009730,2,Poor Lighting,,,
DS012357,1,Poor Lighting,,,
DS012365,1,Poor Lighting,,,
DS012368,16,Poor Lighting,,,
DS010971,2,Poor Lighting,,,
FX1250,6,Poor Lighting,,,
FX1308,38,Poor Lighting,,,
DS011132,1,Camera Position,,,
DS003490,1,Camera Position,,,
DS011257,1,Camera Position,,,
DS007177,3,Camera Position,,,
DS007193,1,Camera Position,,,
DS007213,1,Camera Position,,,
DS007271,1,Camera Position,,,
DS009149,1,Camera Position,,,
DS009157,1,Camera Position,,,
DS009164,6,Camera Position,,,
DS009165,2,Camera Position,,,
DS009167,1,Camera Position,,,
DS010101,1,Camera Position,,,
DS012395,1,Camera Position,,,
FX1303,3,Camera Position,,,
DS011765,9,Camera Position,,,
DS012161,2,Camera Position,,,
DS011232,1,Camera Position,,,
DS011254,9,Camera Position,,,
DS011620,2,Camera Position,,,
DS011623,9,Camera Position,,,
DS011624,1,Camera Position,,,
DS011641,1,Camera Position,,,
DS011646,1,Camera Position,,,
DS010079,1,Camera Position,,,
DS011258,21,Camera Position,,,
DS011756,1,Camera Position,,,
DS012152,1,Camera Position,,,
FX1266,5,Camera Position,,,
FX1267,11,Camera Position,,,
FX1268,97,Camera Position,,,
DS011723,5,Camera Position,,,
DS011725,1,Camera Position,,,
DS011746,1,Camera Position,,,
DS011747,3,Camera Position,,,
DS011775,1,Camera Position,,,
FX1100,20,Camera Position,,,
FX1101,16,Camera Position,,,
FX1123,1,Camera Position,,,
FX1127,2,Camera Position,,,
FX1135,1,Camera Position,,,
FX1212,9,Camera Position,,,
FX1239,2,Camera Position,,,
FX1240,20,Camera Position,,,
FX1248,2,Camera Position,,,
FX1249,5,Camera Position,,,
FX1279,1,Camera Position,,,
FX1282,3,Camera Position,,,
FX1047,2,Camera Position,,,
FX1049,1,Camera Position,,,
DS011706,1,Camera Position,,,
FX1361,6,Camera Position,,,
FX1175,1,Camera Position,,,
DS011114,1,Camera Position,,,
DS011124,9,Camera Position,,,
DS011143,4,Camera Position,,,
FX1036,1,Camera Position,,,
FX1037,1,Camera Position,,,
FX1039,4,Camera Position,,,
FX1043,2,Camera Position,,,
FX1044,1,Camera Position,,,
DS012389,1,Camera Position,,,
FX1331,2,Camera Position,,,
DS010070,1,Camera Position,,,
DS012158,18,Camera Position,,,
DS008836,1,Camera Position,,,
DS011621,6,Camera Position,,,
DS011253,21,Camera Position,,,
DS011108,1,Camera Position,,,
FX1220,5,Camera Position,,,
FX1251,9,Camera Position,,,
DS010075,2,Camera Position,,,
DS010982,33,Camera Position,,,
FX1213,1,Camera Position,,,
FX1284,1,Camera Position,,,
FX1389,1,Camera Position,,,
FX1390,9,Camera Position,,,
DS009159,6,Camera Position,,,
DS009161,22,Camera Position,,,
DS009705,1,Camera Position,,,
DS009720,1,Camera Position,,,
DS009724,2,Camera Position,,,
DS009725,2,Camera Position,,,
DS010063,3,Camera Position,,,
DS010984,1,Camera Position,,,
DS011640,6,Camera Position,,,
DS012142,1,Camera Position,,,
DS009735,1,Camera Position,,,
DS009745,1,Camera Position,,,
DS009912,1,Camera Position,,,
DS009915,1,Camera Position,,,
DS010095,1,Camera Position,,,
DS010549,2,Camera Position,,,
DS011018,2,Camera Position,,,
DS011125,1,Camera Position,,,
DS011242,1,Camera Position,,,
DS011638,6,Camera Position,,,
DS011639,2,Camera Position,,,
DS011642,2,Camera Position,,,
FX1182,1,Camera Position,,,
DS010974,1,Camera Position,,,
FX1219,11,Camera Position,,,
DS010988,1,Camera Position,,,
FX1008,1,Camera Position,,,
FX1012,3,Camera Position,,,
FX1015,1,Camera Position,,,
FX1016,1,Camera Position,,,
FX1018,1,Camera Position,,,
FX1019,1,Camera Position,,,
FX1021,4,Camera Position,,,
FX1032,1,Camera Position,,,
FX1392,1,Camera Position,,,
FX1394,11,Camera Position,,,
FX1395,6,Camera Position,,,
FX1396,11,Camera Position,,,
FX1397,2,Camera Position,,,
FX1164,8,Camera Position,,,
FX1165,11,Camera Position,,,
FX1188,2,Camera Position,,,
FX1298,5,Camera Position,,,
FX1077,2,Camera Position,,,
FX1162,3,Camera Position,,,
DS009931,13,Camera Position,,,
DS012357,2,Camera Position,,,
DS012368,1,Camera Position,,,
FX1308,5,Camera Position,,,
FX1309,1,Camera Position,,,
DS010996,1,Camera Malfunction,,,
DS012167,8,Camera Malfunction,,,
DS012146,2,Camera Malfunction,,,
DS012386,3,Camera Malfunction,,,
DS009925,1,Camera Malfunction,,,
FX1263,3,Camera Malfunction,,,
FX1264,4,Camera Malfunction,,,
DS009167,2,Camera Malfunction,,,
FX1305,9,Camera Malfunction,,,
DS011622,1,Camera Malfunction,,,
DS011623,1,Camera Malfunction,,,
DS011258,1,Camera Malfunction,,,
DS011709,1,Camera Malfunction,,,
DS011716,6,Camera Malfunction,,,
DS011724,9,Camera Malfunction,,,
DS011730,1,Camera Malfunction,,,
DS011737,1,Camera Malfunction,,,
DS012152,2,Camera Malfunction,,,
DS012157,9,Camera Malfunction,,,
FX1268,8,Camera Malfunction,,,
FX1270,4,Camera Malfunction,,,
DS011717,1,Camera Malfunction,,,
DS011723,1,Camera Malfunction,,,
DS011738,1,Camera Malfunction,,,
DS011740,1,Camera Malfunction,,,
DS011747,1,Camera Malfunction,,,
DS007265,13,Camera Malfunction,,,
FX1100,1,Camera Malfunction,,,
FX1101,2,Camera Malfunction,,,
FX1135,3,Camera Malfunction,,,
FX1212,1,Camera Malfunction,,,
FX1240,1,Camera Malfunction,,,
FX1279,4,Camera Malfunction,,,
FX1282,4,Camera Malfunction,,,
FX1307,1,Camera Malfunction,,,
DS012402,1,Camera Malfunction,,,
DS012389,2,Camera Malfunction,,,
DS011237,3,Camera Malfunction,,,
FX1220,2,Camera Malfunction,,,
FX1251,1,Camera Malfunction,,,
FX1201,6,Camera Malfunction,,,
FX1284,1,Camera Malfunction,,,
FX1314,11,Camera Malfunction,,,
FX1390,4,Camera Malfunction,,,
FX1216,1,Camera Malfunction,,,
DS009161,6,Camera Malfunction,,,
DS007262,1,Camera Malfunction,,,
DS009912,120,Camera Malfunction,,,
DS009930,1,Camera Malfunction,,,
DS010528,1,Camera Malfunction,,,
DS010555,1,Camera Malfunction,,,
DS011242,3,Camera Malfunction,,,
DS011628,4,Camera Malfunction,,,
DS011638,1,Camera Malfunction,,,
DS010987,2,Camera Malfunction,,,
FX1394,3,Camera Malfunction,,,
FX1395,2,Camera Malfunction,,,
FX1396,129,Camera Malfunction,,,
FX1397,1,Camera Malfunction,,,
FX1164,1,Camera Malfunction,,,
FX1077,1,Camera Malfunction,,,
DS009919,1,Camera Malfunction,,,
DS012357,1,Camera Malfunction,,,
FX1309,5,Camera Malfunction,,,
DS011103,1,Multiple Vehicles,,,
DS011128,1,Multiple Vehicles,,,
DS011004,7,Multiple Vehicles,,,
DS007203,2,Multiple Vehicles,,,
DS009164,1,Multiple Vehicles,,,
DS010101,2,Multiple Vehicles,,,
FX1303,15,Multiple Vehicles,,,
FX1305,10,Multiple Vehicles,,,
DS011762,5,Multiple Vehicles,,,
DS011764,1,Multiple Vehicles,,,
DS011224,3,Multiple Vehicles,,,
DS011626,1,Multiple Vehicles,,,
DS011631,11,Multiple Vehicles,,,
DS011641,4,Multiple Vehicles,,,
DS011646,4,Multiple Vehicles,,,
DS011258,1,Multiple Vehicles,,,
DS011705,1,Multiple Vehicles,,,
DS011774,1,Multiple Vehicles,,,
FX1266,10,Multiple Vehicles,,,
FX1267,106,Multiple Vehicles,,,
FX1268,265,Multiple Vehicles,,,
DS011723,1,Multiple Vehicles,,,
FX1061,1,Multiple Vehicles,,,
FX1062,4,Multiple Vehicles,,,
FX1070,21,Multiple Vehicles,,,
FX1098,1,Multiple Vehicles,,,
FX1099,6,Multiple Vehicles,,,
FX1100,58,Multiple Vehicles,,,
FX1101,125,Multiple Vehicles,,,
FX1103,2,Multiple Vehicles,,,
FX1105,2,Multiple Vehicles,,,
FX1107,1,Multiple Vehicles,,,
FX1111,1,Multiple Vehicles,,,
FX1112,1,Multiple Vehicles,,,
FX1123,1,Multiple Vehicles,,,
FX1132,1,Multiple Vehicles,,,
FX1134,2,Multiple Vehicles,,,
FX1135,2,Multiple Vehicles,,,
FX1140,1,Multiple Vehicles,,,
FX1141,4,Multiple Vehicles,,,
FX1212,78,Multiple Vehicles,,,
FX1239,17,Multiple Vehicles,,,
FX1240,83,Multiple Vehicles,,,
FX1248,5,Multiple Vehicles,,,
FX1249,30,Multiple Vehicles,,,
FX1278,2,Multiple Vehicles,,,
FX1279,1,Multiple Vehicles,,,
FX1282,13,Multiple Vehicles,,,
FX1106,2,Multiple Vehicles,,,
FX1047,14,Multiple Vehicles,,,
FX1049,7,Multiple Vehicles,,,
FX1307,14,Multiple Vehicles,,,
FX1361,109,Multiple Vehicles,,,
FX1174,1,Multiple Vehicles,,,
DS011633,5,Multiple Vehicles,,,
DS012374,2,Multiple Vehicles,,,
FX1036,8,Multiple Vehicles,,,
FX1037,10,Multiple Vehicles,,,
FX1039,13,Multiple Vehicles,,,
FX1043,2,Multiple Vehicles,,,
FX1044,13,Multiple Vehicles,,,
FX1302,2,Multiple Vehicles,,,
FX1304,8,Multiple Vehicles,,,
FX1330,4,Multiple Vehicles,,,
FX1331,2,Multiple Vehicles,,,
FX1334,5,Multiple Vehicles,,,
DS012405,1,Multiple Vehicles,,,
DS011237,22,Multiple Vehicles,,,
DS011246,1,Multiple Vehicles,,,
DS011016,1,Multiple Vehicles,,,
DS011100,2,Multiple Vehicles,,,
FX1220,52,Multiple Vehicles,,,
FX1251,409,Multiple Vehicles,,,
FX1375,2,Multiple Vehicles,,,
DS010075,1,Multiple Vehicles,,,
FX1200,2,Multiple Vehicles,,,
FX1213,19,Multiple Vehicles,,,
FX1316,2,Multiple Vehicles,,,
FX1317,1,Multiple Vehicles,,,
FX1389,1,Multiple Vehicles,,,
FX1390,1,Multiple Vehicles,,,
FX1210,2,Multiple Vehicles,,,
FX1216,1,Multiple Vehicles,,,
DS009150,2,Multiple Vehicles,,,
DS009705,1,Multiple Vehicles,,,
DS009724,1,Multiple Vehicles,,,
DS010063,4,Multiple Vehicles,,,
DS010984,1,Multiple Vehicles,,,
DS011142,7,Multiple Vehicles,,,
DS011233,1,Multiple Vehicles,,,
DS011719,14,Multiple Vehicles,,,
DS011743,2,Multiple Vehicles,,,
DS012142,1,Multiple Vehicles,,,
FX1084,5,Multiple Vehicles,,,
DS007262,1,Multiple Vehicles,,,
DS009741,1,Multiple Vehicles,,,
DS009909,1,Multiple Vehicles,,,
DS009915,1,Multiple Vehicles,,,
DS010999,5,Multiple Vehicles,,,
DS011242,1,Multiple Vehicles,,,
DS011248,1,Multiple Vehicles,,,
DS011638,2,Multiple Vehicles,,,
FX1178,2,Multiple Vehicles,,,
FX1179,1,Multiple Vehicles,,,
FX1182,1,Multiple Vehicles,,,
DS011256,1,Multiple Vehicles,,,
FX1219,121,Multiple Vehicles,,,
DS011104,1,Multiple Vehicles,,,
FX1008,3,Multiple Vehicles,,,
FX1011,2,Multiple Vehicles,,,
FX1012,2,Multiple Vehicles,,,
FX1018,5,Multiple Vehicles,,,
FX1019,1,Multiple Vehicles,,,
FX1021,2,Multiple Vehicles,,,
FX1025,1,Multiple Vehicles,,,
FX1027,1,Multiple Vehicles,,,
FX1391,3,Multiple Vehicles,,,
FX1392,16,Multiple Vehicles,,,
FX1394,14,Multiple Vehicles,,,
FX1395,13,Multiple Vehicles,,,
FX1396,4,Multiple Vehicles,,,
FX1397,34,Multiple Vehicles,,,
FX1074,5,Multiple Vehicles,,,
FX1164,1,Multiple Vehicles,,,
FX1189,3,Multiple Vehicles,,,
FX1298,10,Multiple Vehicles,,,
FX1077,4,Multiple Vehicles,,,
FX1136,1,Multiple Vehicles,,,
FX1162,1,Multiple Vehicles,,,
FX1172,3,Multiple Vehicles,,,
FX1173,2,Multiple Vehicles,,,
DS009728,2,Multiple Vehicles,,,
FX1250,3,Multiple Vehicles,,,
FX1308,10,Multiple Vehicles,,,
FX1260,1,Multiple Vehicles,,,
FX1261,1,Multiple Vehicles,,,
FX1252,5,License Plate Not legible,,,
DS011103,4,License Plate Not legible,,,
DS011113,1,License Plate Not legible,,,
DS011117,4,License Plate Not legible,,,
DS011123,1,License Plate Not legible,,,
DS011128,17,License Plate Not legible,,,
DS011132,13,License Plate Not legible,,,
DS011220,1,License Plate Not legible,,,
DS007174,1,License Plate Not legible,,,
DS007176,13,License Plate Not legible,,,
DS007196,2,License Plate Not legible,,,
DS007198,1,License Plate Not legible,,,
DS007261,1,License Plate Not legible,,,
DS007267,13,License Plate Not legible,,,
DS007273,2,License Plate Not legible,,,
DS007275,3,License Plate Not legible,,,
DS010556,2,License Plate Not legible,,,
DS011697,1,License Plate Not legible,,,
DS011004,2,License Plate Not legible,,,
DS011000,1,License Plate Not legible,,,
DS011007,2,License Plate Not legible,,,
DS011229,1,License Plate Not legible,,,
DS011257,2,License Plate Not legible,,,
DS007144,1,License Plate Not legible,,,
DS007279,4,License Plate Not legible,,,
DS008523,2,License Plate Not legible,,,
DS007203,6,License Plate Not legible,,,
DS009925,5,License Plate Not legible,,,
DS007158,4,License Plate Not legible,,,
DS007175,2,License Plate Not legible,,,
DS007177,4,License Plate Not legible,,,
DS007199,2,License Plate Not legible,,,
DS007213,2,License Plate Not legible,,,
DS007264,4,License Plate Not legible,,,
DS009149,2,License Plate Not legible,,,
DS009157,3,License Plate Not legible,,,
DS009163,1,License Plate Not legible,,,
DS009164,9,License Plate Not legible,,,
DS009165,1,License Plate Not legible,,,
DS009167,5,License Plate Not legible,,,
DS009734,3,License Plate Not legible,,,
DS010101,3,License Plate Not legible,,,
DS012395,2,License Plate Not legible,,,
FX1303,4,License Plate Not legible,,,
FX1305,2,License Plate Not legible,,,
DS011762,2,License Plate Not legible,,,
DS011765,2,License Plate Not legible,,,
DS012156,3,License Plate Not legible,,,
DS012161,4,License Plate Not legible,,,
DS011224,7,License Plate Not legible,,,
DS011232,2,License Plate Not legible,,,
DS011622,2,License Plate Not legible,,,
DS011629,1,License Plate Not legible,,,
DS011631,6,License Plate Not legible,,,
DS011641,6,License Plate Not legible,,,
DS011646,1,License Plate Not legible,,,
DS007148,3,License Plate Not legible,,,
DS007151,1,License Plate Not legible,,,
DS007210,4,License Plate Not legible,,,
DS007212,1,License Plate Not legible,,,
DS012162,6,License Plate Not legible,,,
DS009920,5,License Plate Not legible,,,
DS011258,5,License Plate Not legible,,,
DS011773,1,License Plate Not legible,,,
DS008511,2,License Plate Not legible,,,
DS011705,1,License Plate Not legible,,,
DS011714,1,License Plate Not legible,,,
DS011716,5,License Plate Not legible,,,
DS011727,5,License Plate Not legible,,,
DS011732,4,License Plate Not legible,,,
DS011737,1,License Plate Not legible,,,
DS011750,2,License Plate Not legible,,,
DS011756,1,License Plate Not legible,,,
DS012140,2,License Plate Not legible,,,
DS012149,2,License Plate Not legible,,,
DS012152,1,License Plate Not legible,,,
FX1266,8,License Plate Not legible,,,
FX1267,5,License Plate Not legible,,,
FX1268,27,License Plate Not legible,,,
FX1270,2,License Plate Not legible,,,
FX1271,3,License Plate Not legible,,,
DS011723,26,License Plate Not legible,,,
DS007265,1,License Plate Not legible,,,
FX1068,1,License Plate Not legible,,,
FX1070,1,License Plate Not legible,,,
FX1100,5,License Plate Not legible,,,
FX1101,1,License Plate Not legible,,,
FX1107,1,License Plate Not legible,,,
FX1108,2,License Plate Not legible,,,
FX1133,2,License Plate Not legible,,,
FX1134,1,License Plate Not legible,,,
FX1212,5,License Plate Not legible,,,
FX1279,1,License Plate Not legible,,,
FX1047,1,License Plate Not legible,,,
FX1048,1,License Plate Not legible,,,
FX1049,1,License Plate Not legible,,,
DS011231,2,License Plate Not legible,,,
DS011731,1,License Plate Not legible,,,
FX1307,18,License Plate Not legible,,,
FX1361,23,License Plate Not legible,,,
DS007154,2,License Plate Not legible,,,
DS007161,4,License Plate Not legible,,,
FX1175,1,License Plate Not legible,,,
DS011101,1,License Plate Not legible,,,
DS011633,5,License Plate Not legible,,,
DS012374,4,License Plate Not legible,,,
DS012399,7,License Plate Not legible,,,
FX1037,2,License Plate Not legible,,,
FX1038,1,License Plate Not legible,,,
FX1039,1,License Plate Not legible,,,
FX1041,1,License Plate Not legible,,,
FX1043,1,License Plate Not legible,,,
FX1044,1,License Plate Not legible,,,
DS012389,5,License Plate Not legible,,,
DS012403,3,License Plate Not legible,,,
FX1330,1,License Plate Not legible,,,
DS010070,2,License Plate Not legible,,,
DS011726,2,License Plate Not legible,,,
DS012158,1,License Plate Not legible,,,
DS012164,1,License Plate Not legible,,,
DS008507,1,License Plate Not legible,,,
DS011226,1,License Plate Not legible,,,
DS011613,5,License Plate Not legible,,,
DS011621,9,License Plate Not legible,,,
DS009751,1,License Plate Not legible,,,
DS011237,10,License Plate Not legible,,,
DS011246,2,License Plate Not legible,,,
DS011253,8,License Plate Not legible,,,
DS011100,1,License Plate Not legible,,,
DS011107,4,License Plate Not legible,,,
DS011108,2,License Plate Not legible,,,
DS011110,1,License Plate Not legible,,,
DS011112,1,License Plate Not legible,,,
FX1220,188,License Plate Not legible,,,
FX1251,88,License Plate Not legible,,,
DS010075,7,License Plate Not legible,,,
FX1316,1,License Plate Not legible,,,
DS007150,1,License Plate Not legible,,,
DS009150,1,License Plate Not legible,,,
DS009161,2,License Plate Not legible,,,
DS009705,10,License Plate Not legible,,,
DS009706,1,License Plate Not legible,,,
DS009711,6,License Plate Not legible,,,
DS009715,1,License Plate Not legible,,,
DS009721,4,License Plate Not legible,,,
DS009722,1,License Plate Not legible,,,
DS009724,2,License Plate Not legible,,,
DS009726,1,License Plate Not legible,,,
DS009729,8,License Plate Not legible,,,
DS009742,2,License Plate Not legible,,,
DS010063,1,License Plate Not legible,,,
DS010090,2,License Plate Not legible,,,
DS010546,2,License Plate Not legible,,,
DS010984,4,License Plate Not legible,,,
DS011120,1,License Plate Not legible,,,
DS011142,1,License Plate Not legible,,,
DS011233,2,License Plate Not legible,,,
DS011615,1,License Plate Not legible,,,
DS011640,2,License Plate Not legible,,,
DS011719,12,License Plate Not legible,,,
DS011743,1,License Plate Not legible,,,
DS012150,1,License Plate Not legible,,,
DS012370,5,License Plate Not legible,,,
DS012376,1,License Plate Not legible,,,
FX1084,3,License Plate Not legible,,,
DS007262,3,License Plate Not legible,,,
DS009735,3,License Plate Not legible,,,
DS009738,1,License Plate Not legible,,,
DS009741,8,License Plate Not legible,,,
DS009743,3,License Plate Not legible,,,
DS009744,3,License Plate Not legible,,,
DS009745,1,License Plate Not legible,,,
DS009746,1,License Plate Not legible,,,
DS009748,2,License Plate Not legible,,,
DS009749,14,License Plate Not legible,,,
DS009752,2,License Plate Not legible,,,
DS009753,11,License Plate Not legible,,,
DS009909,2,License Plate Not legible,,,
DS009912,26,License Plate Not legible,,,
DS009915,1,License Plate Not legible,,,
DS009923,1,License Plate Not legible,,,
DS009933,1,License Plate Not legible,,,
DS010062,2,License Plate Not legible,,,
DS010064,1,License Plate Not legible,,,
DS010069,1,License Plate Not legible,,,
DS010071,5,License Plate Not legible,,,
DS010076,1,License Plate Not legible,,,
DS010081,1,License Plate Not legible,,,
DS010086,3,License Plate Not legible,,,
DS010099,1,License Plate Not legible,,,
DS010512,1,License Plate Not legible,,,
DS010528,1,License Plate Not legible,,,
DS010532,1,License Plate Not legible,,,
DS010536,2,License Plate Not legible,,,
DS010542,1,License Plate Not legible,,,
DS010555,2,License Plate Not legible,,,
DS010980,1,License Plate Not legible,,,
DS010983,1,License Plate Not legible,,,
DS010999,5,License Plate Not legible,,,
DS011012,1,License Plate Not legible,,,
DS011018,3,License Plate Not legible,,,
DS011118,3,License Plate Not legible,,,
DS011125,7,License Plate Not legible,,,
DS011135,1,License Plate Not legible,,,
DS011140,4,License Plate Not legible,,,
DS011242,2,License Plate Not legible,,,
DS011639,6,License Plate Not legible,,,
DS011642,4,License Plate Not legible,,,
DS011645,2,License Plate Not legible,,,
DS011648,1,License Plate Not legible,,,
DS011769,1,License Plate Not legible,,,
DS012173,1,License Plate Not legible,,,
DS012380,7,License Plate Not legible,,,
DS012375,2,License Plate Not legible,,,
DS010975,1,License Plate Not legible,,,
DS010987,1,License Plate Not legible,,,
FX1219,69,License Plate Not legible,,,
DS010988,1,License Plate Not legible,,,
DS011001,1,License Plate Not legible,,,
DS011106,6,License Plate Not legible,,,
DS011240,6,License Plate Not legible,,,
DS011611,4,License Plate Not legible,,,
DS011618,17,License Plate Not legible,,,
DS011643,2,License Plate Not legible,,,
DS011702,1,License Plate Not legible,,,
DS011707,2,License Plate Not legible,,,
FX1007,3,License Plate Not legible,,,
FX1008,2,License Plate Not legible,,,
FX1015,6,License Plate Not legible,,,
FX1016,6,License Plate Not legible,,,
FX1018,1,License Plate Not legible,,,
FX1021,1,License Plate Not legible,,,
FX1026,2,License Plate Not legible,,,
FX1027,3,License Plate Not legible,,,
FX1028,1,License Plate Not legible,,,
FX1029,1,License Plate Not legible,,,
FX1030,4,License Plate Not legible,,,
FX1031,2,License Plate Not legible,,,
FX1391,2,License Plate Not legible,,,
FX1397,2,License Plate Not legible,,,
DS008508,3,License Plate Not legible,,,
DS008522,2,License Plate Not legible,,,
FX1186,1,License Plate Not legible,,,
FX1187,2,License Plate Not legible,,,
DS007147,2,License Plate Not legible,,,
DS008517,3,License Plate Not legible,,,
DS010511,2,License Plate Not legible,,,
DS012388,8,License Plate Not legible,,,
DS011244,3,License Plate Not legible,,,
FX1077,1,License Plate Not legible,,,
FX1162,2,License Plate Not legible,,,
DS009919,2,License Plate Not legible,,,
DS009931,5,License Plate Not legible,,,
DS010993,1,License Plate Not legible,,,
FX1172,2,License Plate Not legible,,,
FX1173,2,License Plate Not legible,,,
DS009143,2,License Plate Not legible,,,
DS009728,1,License Plate Not legible,,,
DS009730,2,License Plate Not legible,,,
DS008500,3,License Plate Not legible,,,
DS012357,7,License Plate Not legible,,,
DS012368,28,License Plate Not legible,,,
DS010515,1,License Plate Not legible,,,
DS010526,3,License Plate Not legible,,,
FX1250,8,License Plate Not legible,,,
FX1308,48,License Plate Not legible,,,
FX1260,2,License Plate Not legible,,,
FX1261,1,License Plate Not legible,,,
FX1309,1,License Plate Not legible,,,
,,,,,
,,,,,
,,,,,
,,,,,
,,,,,
,,,,,
,,,,,
,,,,,
,,,,,
,,,,,
,,,,,
,,,,,
,,,,,
,,,,,
,,,,,
,,,,,
,,,,,
,,,,,
,,,,,
,,,,,
,,,,,
,,,,,
,,,,,
,,,,,
,,,,,
,,,,,
,,,,,
,,,,,
,,,,,
,,,,,
,,,,,
,,,,,
,,,,,
,,,,,
,,,,,
,,,,,
,,,,,
,,,,,
,,,,,
,,,,,
,,,,,
,,,,,
,,,,,
,,,,,
,,,,,
,,,,,
,,,,,
,,,,,
,,,,,
,,,,,
,,,,,
,,,,,
,,,,,
,,,,,
,,,,,
,,,,,
,,,,,
,,,,,
,,,,,
,,,,,
,,,,,
,,,,,
,,,,,
,,,,,
,,,,,
,,,,,
,,,,,
,,,,,
,,,,,
,,,,,
,,,,,
,,,,,
,,,,,
,,,,,
,,,,,
,,,,,
,,,,,
,,,,,
,,,,,
,,,,,
,,,,,
,,,,,
,,,,,
,,,,,
,,,,,
,,,,,
,,,,,
,,,,,
,,,,,
,,,,,
,,,,,
,,,,,
,,,,,
,,,,,
,,,,,
,,,,,
,,,,,
,,,,,
,,,,,
,,,,,
,,,,,
,,,,,
,,,,,
,,,,,
,,,,,
,,,,,
,,,,,
,,,,,
,,,,,
,,,,,
,,,,,
,,,,,
,,,,,
,,,,,
,,,,,
,,,,,
,,,,,
,,,,,
,,,,,
,,,,,
,,,,,
,,,,,
,,,,,
,,,,,
,,,,,
,,,,,
,,,,,
,,,,,
,,,,,
,,,,,
,,,,,
,,,,,
,,,,,
,,,,,
,,,,,
,,,,,
,,,,,
,,,,,
,,,,,
,,,,,
,,,,,
,,,,,
,,,,,
,,,,,
,,,,,
,,,,,
,,,,,
,,,,,
,,,,,
,,,,,
,,,,,
,,,,,
,,,,,
,,,,,
,,,,,
,,,,,
,,,,,
,,,,,
,,,,,
,,,,,
,,,,,
,,,,,
,,,,,
,,,,,
,,,,,
,,,,,
,,,,,
,,,,,
,,,,,
,,,,,
,,,,,
,,,,,
,,,,,
,,,,,
,,,,,
,,,,,
,,,,,
,,,,,
,,,,,
,,,,,
,,,,,
,,,,,
,,,,,
,,,,,
,,,,,
,,,,,
,,,,,
,,,,,
,,,,,
,,,,,
,,,,,
,,,,,
,,,,,
,,,,,
,,,,,
,,,,,
,,,,,
,,,,,
,,,,,
,,,,,
,,,,,
,,,,,
,,,,,
,,,,,
,,,,,
,,,,,
,,,,,
,,,,,
,,,,,
,,,,,
,,,,,
,,,,,
,,,,,
,,,,,
,,,,,
,,,,,
,,,,,
,,,,,
,,,,,
,,,,,
,,,,,
,,,,,
,,,,,
,,,,,
,,,,,
,,,,,
,,,,,
,,,,,
,,,,,
,,,,,
,,,,,
,,,,,
,,,,,
,,,,,
,,,,,
,,,,,
,,,,,
,,,,,
,,,,,
,,,,,
,,,,,
,,,,,
,,,,,
,,,,,
,,,,,
,,,,,
,,,,,
,,,,,
,,,,,
,,,,,
,,,,,
,,,,,
,,,,,
,,,,,
,,,,,
,,,,,
,,,,,
,,,,,
,,,,,
,,,,,
,,,,,
,,,,,
,,,,,
,,,,,
,,,,,
,,,,,
,,,,,
,,,,,
,,,,,
,,,,,
,,,,,
,,,,,
,,,,,
,,,,,
,,,,,
,,,,,
,,,,,
,,,,,
,,,,,
,,,,,
,,,,,
,,,,,
,,,,,
,,,,,
,,,,,
,,,,,
,,,,,
,,,,,
,,,,,
,,,,,
,,,,,
,,,,,
,,,,,
,,,,,
,,,,,
,,,,,
,,,,,
